<?xml version="1.0" encoding="UTF-8"?>
<project-private xmlns="http://www.netbeans.org/ns/project-private/1">
    <editor-bookmarks xmlns="http://www.netbeans.org/ns/editor-bookmarks/2" lastBookmarkId="0"/>
    <open-files xmlns="http://www.netbeans.org/ns/projectui-open-files/2">
        <group>
            <file>file:/C:/Users/Harim/Documents/GitHub/cc2-an-mail-server/MailClient/src/main/MailClient.java</file>
            <file>file:/C:/Users/Harim/Documents/GitHub/cc2-an-mail-server/MailClient/src/ventanas/Correos.java</file>
            <file>file:/C:/Users/Harim/Documents/GitHub/cc2-an-mail-server/MailClient/src/ventanas/CrearCorreo.java</file>
            <file>file:/C:/Users/Harim/Documents/GitHub/cc2-an-mail-server/MailClient/src/ventanas/Login.java</file>
            <file>file:/C:/Users/Harim/Documents/GitHub/cc2-an-mail-server/MailClient/src/ventanas/Interfaz.java</file>
            <file>file:/C:/Users/Harim/Documents/GitHub/cc2-an-mail-server/MailClient/src/ventanas/Contactos.java</file>
            <file>file:/C:/Users/Harim/Documents/GitHub/cc2-an-mail-server/MailClient/src/ventanas/Usuario.java</file>
        </group>
    </open-files>
</project-private>
